objectid,filename,youtubeid,vimeoid,type,format,identifier,title,event_category,date,date_precision,period,description,full_description,people_organizations,related_films,location,sources
upfiinsti_0001,UPFI-IH-1976-00002.jpg,,,Image;StillImage,image/jpeg,UPFI-IH-1976-00002,Inauguration of the U.P. Film Center.,Institutional,1976-04-24,Exact,"UP Film Center, 1976-2003","Formal inauguration of the U.P. Film Center Fine Arts Complex, featuring speeches of Imelda Marcos, awards, and recognition of leading Filipino filmmakers.","The formal inauguration of the U.P. Film Center Fine Arts Complex marked the opening of the University of the Philippines Film Center’s dedicated facilities and its establishment as a major institutional venue for film education, exhibition, production, research, and cultural activities. Imelda Romualdez-Marcos was invited to the inaugural event, while writer and filmmaker Virginia R. Moreno delivered a speech. Three young Filipino filmmakers—Lino Brocka, Ishmael Bernal, and Eddie Romero—were presented with awards during the ceremony. In lieu of the customary cornerstone, an antique jar containing a film reel and a painter’s palette was buried as the inauguration’s ceremonial foundation object. The ritual symbolized cinema’s relationship with earlier artistic traditions and expressed the idea that modern cinema could serve both as a user and preserver of older arts and of life itself. Following its inauguration, the Film Center operated as a central workshop for cinematic studies, developed the beginnings of a film research archive, and served as a showcase theater for Filipino and international cinema. The event consequently marked an important moment in the institutional establishment of film as an academic, artistic, archival, and cultural practice at the University of the Philippines.","U.P. Fine Arts Complex; Romualdez-Marcos, Imelda (First Lady, 1929–present); Brocka, Lino (Film Director, 1939–1991); Bernal, Ishmael (Film Director, 1938–1996); Romero, Eddie (Film Director, 1924–2013); Moreno, Virginia R. (Founding Director, U.P. Film Center, 1923–2021)",,"Near Commonwealth Avenue (formerly Don Mariano Marcos Avenue), Quezon City, Philippines",Brochure - U.P. Film Center Fine Arts Complex Inaugural 24 April 1976
upfiinsti_0002,https://raw.githubusercontent.com/upfifilmarchives/archivalcollections/refs/heads/main/objects/UPFI_Series_B_Promotional%20Materials/2022_UPFIB000013_AStoryofAdeleH_Sept7_1976.jpg?raw=true,,,Image;StillImage,image/jpeg,UPFI-IH-1976-00003,"Gala Premiere of The Story of Adele H., 80 Years of French Cinema.",Exhibition,1976-09-07,Exact,"UP Film Center, 1976-2003",Gala benefit premiere of <em>The Story of Adele H.</em> celebrating 80 years of French cinema and supporting young filmmakers.,"<p>The U.P. Film Center, in collaboration with the French Embassy, the Writers’ Union of the Philippines, and the Manila Film Society, presented a gala benefit premiere of François Truffaut’s <em>The Story of Adele H.</em>, starring Isabelle Adjani, at the Rizal Theater on September 7, 1976. The event formed part of the celebration of <em>80 Years of French Cinema</em> and was organized in support of the <em>Young Filmmakers’ Fellowship Fund</em> to France.</p>

<p>The gala brought together representatives of the Philippine and French cultural communities, filmmakers, writers, artists, patrons, and other supporters of cinema. It highlighted the U.P. Film Center’s role in presenting significant international films to Philippine audiences while fostering cultural exchange and connections between Filipino and French cinema.</p>

<p>The program included institutional and diplomatic messages, including those of Imelda Romualdez Marcos and Guy de Lestrange, Ambassadeur de France aux Philippines, as well as commentaries on the film and filmmaking by Filipino writers, poets, filmmakers, and film practitioners. Among those represented were Virginia R. Moreno, Adrian Cristobal, Jorge Arago, Ishmael Bernal, Romeo Vitug, Beatriz Romualdez-Francia, and U.P. Film Center archivist Annela Mendoza.</p>

<p>The event also acknowledged its patrons and institutional supporters, including Banque Nationale de Paris and Services Franco-Belges. Beyond its presentation of Truffaut’s film, the gala demonstrated the U.P. Film Center’s broader cultural and educational mission: to promote film appreciation, facilitate international cultural exchange, and support the development of Filipino filmmakers through opportunities for training and fellowship abroad.</p>","U.P. Film Center; French Embassy in the Philippines; Writers' Union of the Philippines; Manila Film Society; Banque Nationale de Paris; Services Franco-Belges; Rizal Theater; Romualdez Marcos, Imelda (First Lady of the Philippines, 1929–); Lestrange, Guy de (Ambassador of France to the Philippines);  Moreno, Virginia R. (Founding Director, U.P. Film Center, 1923–2021); Cristobal, Adrian (Writer and Playwright); Arago, Jorge (Screenwriter); Bernal, Ishmael (Film Director, 1938–1996); Vitug, Romeo (Cinematographer); Romualdez-Francia, Beatriz (Poet and Librettist); Mendoza, Annela (U.P. Film Center Archivist)","The Story of Adele H. (1975, François Truffaut)","Rizal Theater, Makati, Metro Manila, Philippines","Brochure - Gala Premiere of The Story of Adele H., 80 Years of French Cinema."
upfiinsti_0003,https://raw.githubusercontent.com/upfifilmarchives/archivalcollections/refs/heads/main/objects/UPFI_Series_B_Promotional%20Materials/2023_UPFIB000012DasNeueKino_1977.jpg,,,Image;StillImage,image/jpeg,UPFI-IH-1977-00006,New German Cinema [Das neue kino] Program: Three Aprils Celebration.,Event / Occasion,1977-04-24,Exact,"UP Film Center, 1976-2003",<p>A U.P. Film Center and Goethe House program showcasing New German Cinema as part of a three-Aprils celebration.</p>,"<p>The U.P. Film Center and the Goethe House German Cultural Center presented <em>The New German Cinema</em>, a film program held from April 24 to May 1, 1977, at the Metropolitan Museum, Central Bank Complex, Roxas Boulevard. The program formed part of a broader “Three Aprils of a Life in Films” celebration organized by the U.P. Film Center and the President’s Council on the Arts of the University of the Philippines.</p>

<p>The program featured a selection of films associated with the New German Cinema movement, introducing Philippine audiences to significant developments in contemporary German filmmaking. Screenings were accompanied by film notes, synopses, critical views, and reviews intended to provide audiences with historical and cultural context for the films and their filmmakers.</p>

<p>The event also highlighted the cultural and educational partnership between the U.P. Film Center and the Goethe House German Cultural Center. Through the presentation of German films and related critical materials, the program contributed to the Film Center’s broader mission of film education, international cultural exchange, and the promotion of cinema as an artistic and intellectual practice.</p>

<p>The celebration included messages from Dr. Gerrit Bretzler, Director of the Goethe House, German Cultural Center, and Virginia R. Moreno, Director of the U.P. Film Center. It also presented the Film Center’s accomplishments and activities through its “Dream Rationale and Night Powers of the Film Center” section. The program concluded with acknowledgements to participating institutions and supporters and announced an upcoming French Film Festival, further reflecting the Film Center’s sustained engagement with international cinema.</p>","U.P. Film Center; Goethe House German Cultural Center; President’s Council on the Arts of the University of the Philippines; Metropolitan Museum; Bretzler, Gerrit (Director, Goethe House German Cultural Center); Moreno, Virginia R. (Founding Director, U.P. Film Center, 1923–2021); Manalo, Annella (Brochure Editor); Perez, A.J. (Brochure Editor); Yniquez, Roberto “Boy” (Brochure Designer)",,"Metropolitan Museum, Central Bank Complex, Roxas Boulevard, Manila, Philippines","Brochure of Das neue kino: The new German cinema: A 'three Aprils' celebration, April to May, 1977."
upfiinsti_0004,https://raw.githubusercontent.com/upfifilmarchives/archivalcollections/refs/heads/main/objects/UPFI_Series_B_Promotional%20Materials/2023_UPFIB000017_SwedishFilmFestival_December2%201977.jpg,,,Image;StillImage,image/jpeg,UPFI-IH-1977-00005,Swedish Film Festival.,Exhibition,1977-12-02,Exact,"UP Film Center, 1976-2003","A festival of Swedish cinema presented by the U.P. Film Center, Swedish Embassy, and Manila Film Society","<p>The U.P. Film Center, in collaboration with the Swedish Embassy and the Manila Film Society, presented the <em>Swedish Film Festival</em> from December 2 to 7, 1977, at the Philippine International Convention Center. The festival formed part of the Film Center’s program of international cinema and cultural exchange, bringing Swedish films to Philippine audiences.</p>

<p>The festival opened with a program featuring selected works of Swedish cinema and included materials introducing audiences to the films and their directors. The program also featured a lecture forum by visiting Swedish film director Vilgot Sjöman and screenings of notable Swedish films, including Ingmar Bergman’s <em>Cries and Whispers</em>, Sjöman’s <em>A Handful of Love</em>, and Bo Widerberg’s <em>Elvira Madigan</em>. :contentReference[oaicite:1]{index=1}</p>

<p>The event reflected the U.P. Film Center’s continuing efforts to expand Philippine audiences’ access to international cinema while developing cultural and institutional partnerships with foreign diplomatic and film organizations. The festival was supported by the Royal Swedish Embassy and the Manila Film Society, with Kjell Anneling, Charge d’Affaires a.i. of the Royal Swedish Embassy, and Virginia R. Moreno, Director of the U.P. Film Center, contributing messages to the program.</p>

<p>The festival program also highlighted the Film Center’s activities and accomplishments and included a poem by Virginia R. Moreno, a schedule of screenings, notes on the films and directors, and information about the Manila Film Society, including its Board of Directors, patrons, and donors.</p>","U.P. Film Center; Royal Swedish Embassy; Manila Film Society; Philippine International Convention Center; Anneling, Kjell (Charge d’Affaires a.i., Royal Swedish Embassy); Moreno, Virginia R. (Founding Director, U.P. Film Center, 1923–2021); Yniguez, Roberto “Boy” (Brochure Designer, U.P. Film Center)","Cries and Whispers (1972, Ingmar Bergman); A Handful of Love (1974, Vilgot Sjöman); Elvira Madigan (1967, Bo Widerberg)","Philippine International Convention Center, Manila, Philippines","Brochure - Swedish Film Festival, December 2, 1977."